{
  "ARI": {
    "off_epa": -0.00722960289567709,
    "off_success_rate": 43.56435537338257,
    "off_dropback_epa": 0.046589817851781845,
    "off_rush_epa": -0.1287573277950287,
    "off_plays": 1010,
    "off_pass_yards": 3795,
    "off_rush_yards": 1196,
    "off_dropback_pct": 69.30692791938782,
    "def_epa": 0.07056109607219696,
    "def_success_rate": 48.268625140190125,
    "def_dropback_epa": 0.1375875622034073,
    "def_rush_epa": -0.03050774708390236,
    "def_plays": 953,
    "def_pass_yards": 3550,
    "def_rush_yards": 1744,
    "def_dropback_pct": 60.125917196273804
  },
  "ATL": {
    "off_epa": 0.004947120323777199,
    "off_success_rate": 45.24555802345276,
    "off_dropback_epa": 0.04512498900294304,
    "off_rush_epa": -0.050522323697805405,
    "off_plays": 957,
    "off_pass_yards": 3321,
    "off_rush_yards": 1802,
    "off_dropback_pct": 57.993727922439575,
    "def_epa": 0.03768492490053177,
    "def_success_rate": 46.10526263713837,
    "def_dropback_epa": 0.05290885269641876,
    "def_rush_epa": 0.014849027618765831,
    "def_plays": 950,
    "def_pass_yards": 3221,
    "def_rush_yards": 1638,
    "def_dropback_pct": 60.00000238418579
  },
  "BAL": {
    "off_epa": 0.012135242111980915,
    "off_success_rate": 44.43155527114868,
    "off_dropback_epa": 0.0006350984331220388,
    "off_rush_epa": 0.026585686951875687,
    "off_plays": 862,
    "off_pass_yards": 2934,
    "off_rush_yards": 1950,
    "off_dropback_pct": 55.68445324897766,
    "def_epa": 0.02283029817044735,
    "def_success_rate": 44.04040277004242,
    "def_dropback_epa": 0.07765556871891022,
    "def_rush_epa": -0.07566934078931808,
    "def_plays": 990,
    "def_pass_yards": 3842,
    "def_rush_yards": 1452,
    "def_dropback_pct": 64.242422580719
  },
  "BUF": {
    "off_epa": 0.15580789744853973,
    "off_success_rate": 48.68559539318085,
    "off_dropback_epa": 0.22979477047920227,
    "off_rush_epa": 0.05942791327834129,
    "off_plays": 951,
    "off_pass_yards": 3635,
    "off_rush_yards": 1983,
    "off_dropback_pct": 56.57203197479248,
    "def_epa": 0.020282577723264694,
    "def_success_rate": 44.58525478839874,
    "def_dropback_epa": -0.03418746963143349,
    "def_rush_epa": 0.09394260495901108,
    "def_plays": 868,
    "def_pass_yards": 2770,
    "def_rush_yards": 1903,
    "def_dropback_pct": 57.48847723007202
  },
  "CAR": {
    "off_epa": 0.007184959948062897,
    "off_success_rate": 44.11135017871857,
    "off_dropback_epa": 0.029050851240754128,
    "off_rush_epa": -0.02413336932659149,
    "off_plays": 934,
    "off_pass_yards": 2930,
    "off_rush_yards": 1688,
    "off_dropback_pct": 58.886510133743286,
    "def_epa": 0.07231873273849487,
    "def_success_rate": 44.247788190841675,
    "def_dropback_epa": 0.13605451583862305,
    "def_rush_epa": -0.016776105388998985,
    "def_plays": 904,
    "def_pass_yards": 3323,
    "def_rush_yards": 1632,
    "def_dropback_pct": 58.296459913253784
  },
  "CHI": {
    "off_epa": 0.07826180011034012,
    "off_success_rate": 45.93254029750824,
    "off_dropback_epa": 0.10875748097896576,
    "off_rush_epa": 0.03432735055685043,
    "off_plays": 1008,
    "off_pass_yards": 3645,
    "off_rush_yards": 1934,
    "off_dropback_pct": 59.02777910232544,
    "def_epa": 0.017217593267560005,
    "def_success_rate": 46.36563956737518,
    "def_dropback_epa": 0.053331952542066574,
    "def_rush_epa": -0.03505575656890869,
    "def_plays": 908,
    "def_pass_yards": 3470,
    "def_rush_yards": 1756,
    "def_dropback_pct": 59.140968322753906
  },
  "CIN": {
    "off_epa": -0.005309779662638903,
    "off_success_rate": 45.11041045188904,
    "off_dropback_epa": -0.00204790523275733,
    "off_rush_epa": -0.01189565658569336,
    "off_plays": 951,
    "off_pass_yards": 3534,
    "off_rush_yards": 1283,
    "off_dropback_pct": 66.87697172164917,
    "def_epa": 0.14501287043094635,
    "def_success_rate": 48.95397424697876,
    "def_dropback_epa": 0.22111773490905762,
    "def_rush_epa": 0.037389833480119705,
    "def_plays": 956,
    "def_pass_yards": 3985,
    "def_rush_yards": 2071,
    "def_dropback_pct": 58.57740640640259
  },
  "CLE": {
    "off_epa": -0.17396840453147888,
    "off_success_rate": 35.22727191448212,
    "off_dropback_epa": -0.21416281163692474,
    "off_rush_epa": -0.10299654304981232,
    "off_plays": 968,
    "off_pass_yards": 2769,
    "off_rush_yards": 1228,
    "off_dropback_pct": 63.842976093292236,
    "def_epa": -0.06777242571115494,
    "def_success_rate": 39.709171652793884,
    "def_dropback_epa": -0.053641583770513535,
    "def_rush_epa": -0.08636949956417084,
    "def_plays": 894,
    "def_pass_yards": 2628,
    "def_rush_yards": 1558,
    "def_dropback_pct": 56.82326555252075
  },
  "DAL": {
    "off_epa": 0.12146805226802826,
    "off_success_rate": 47.320616245269775,
    "off_dropback_epa": 0.1900843381881714,
    "off_rush_epa": 0.00026896552299149334,
    "off_plays": 1101,
    "off_pass_yards": 4567,
    "off_rush_yards": 1821,
    "off_dropback_pct": 63.851046562194824,
    "def_epa": 0.16685150563716888,
    "def_success_rate": 49.05094802379608,
    "def_dropback_epa": 0.24178430438041687,
    "def_rush_epa": 0.03960713744163513,
    "def_plays": 1001,
    "def_pass_yards": 4365,
    "def_rush_yards": 1684,
    "def_dropback_pct": 62.93706297874451
  },
  "DEN": {
    "off_epa": 0.047885213047266006,
    "off_success_rate": 44.139885902404785,
    "off_dropback_epa": 0.10614391416311264,
    "off_rush_epa": -0.052716147154569626,
    "off_plays": 1058,
    "off_pass_yards": 3939,
    "off_rush_yards": 1662,
    "off_dropback_pct": 63.32703232765198,
    "def_epa": -0.03514327108860016,
    "def_success_rate": 38.33652138710022,
    "def_dropback_epa": 0.001676079467870295,
    "def_rush_epa": -0.10681135207414627,
    "def_plays": 1046,
    "def_pass_yards": 3266,
    "def_rush_yards": 1250,
    "def_dropback_pct": 66.06118679046631
  },
  "DET": {
    "off_epa": 0.08082764595746994,
    "off_success_rate": 44.59861218929291,
    "off_dropback_epa": 0.16354212164878845,
    "off_rush_epa": -0.042529262602329254,
    "off_plays": 1009,
    "off_pass_yards": 4040,
    "off_rush_yards": 1882,
    "off_dropback_pct": 59.86124873161316,
    "def_epa": 0.015204318799078465,
    "def_success_rate": 42.605289816856384,
    "def_dropback_epa": 0.04262029007077217,
    "def_rush_epa": -0.03104209154844284,
    "def_plays": 1021,
    "def_pass_yards": 3693,
    "def_rush_yards": 1696,
    "def_dropback_pct": 62.7815842628479
  },
  "GB": {
    "off_epa": 0.1529281586408615,
    "off_success_rate": 48.60215187072754,
    "off_dropback_epa": 0.29511183500289917,
    "off_rush_epa": -0.03629375621676445,
    "off_plays": 930,
    "off_pass_yards": 3551,
    "off_rush_yards": 1634,
    "off_dropback_pct": 57.09677338600159,
    "def_epa": 0.02764195390045643,
    "def_success_rate": 44.050103425979614,
    "def_dropback_epa": 0.10489019006490707,
    "def_rush_epa": -0.09566215425729752,
    "def_plays": 958,
    "def_pass_yards": 3112,
    "def_rush_yards": 1416,
    "def_dropback_pct": 61.48225665092468
  },
  "HOU": {
    "off_epa": -0.0031694869976490736,
    "off_success_rate": 41.37587249279022,
    "off_dropback_epa": 0.09327351301908493,
    "off_rush_epa": -0.16128525137901306,
    "off_plays": 1003,
    "off_pass_yards": 3504,
    "off_rush_yards": 1360,
    "off_dropback_pct": 62.11366057395935,
    "def_epa": -0.10372523218393326,
    "def_success_rate": 39.93288576602936,
    "def_dropback_epa": -0.11312410235404968,
    "def_rush_epa": -0.0870291069149971,
    "def_plays": 894,
    "def_pass_yards": 2903,
    "def_rush_yards": 1186,
    "def_dropback_pct": 63.98210525512695
  },
  "IND": {
    "off_epa": 0.11576876044273376,
    "off_success_rate": 47.999998927116394,
    "off_dropback_epa": 0.12876012921333313,
    "off_rush_epa": 0.09583678841590881,
    "off_plays": 925,
    "off_pass_yards": 3614,
    "off_rush_yards": 1713,